likes,comment,share,followers,engagement rate,date,month,year,time,average likes,comment ratio,average comments
3890,804,496,397057,2.35,23/12/2022,September,2022,20:19,2006,0.52,100
6674,141,491,694978,2.45,19/08/2021,June,2022,14:42,7801,0.68,111
8552,846,466,259392,0.71,02/02/2021,June,2020,15:48,6463,0.17,144
4244,641,180,150522,1.15,30/11/2022,December,2020,19:42,44,0.08,174
5741,291,199,859012,2.25,15/03/2022,July,2022,0:38,403,0.76,641
4709,866,15,613373,7.49,25/05/2020,April,2022,6:35,7623,0.96,904
7386,464,314,214716,6.24,23/08/2021,January,2022,6:43,9100,0.16,989
9582,215,375,354293,3.93,02/08/2021,October,2021,16:18,6970,0.57,851
1403,661,145,621887,8.63,22/04/2022,August,2021,19:42,2006,0.14,391
9474,656,34,523157,8.75,08/07/2020,April,2021,14:02,4345,0.57,922
8387,382,355,368910,9.14,25/10/2020,February,2020,6:24,6225,0.24,764
6575,3,233,295041,9.37,02/09/2020,April,2020,21:08,769,0.55,656
4798,357,245,985170,4.12,14/04/2021,July,2021,9:22,8325,0.96,505
733,229,233,614516,6.09,05/12/2021,November,2021,12:12,8954,0.71,888
66,964,399,247844,1.84,10/01/2022,April,2021,3:04,359,0.65,836
7546,898,45,768905,0.36,13/04/2022,June,2021,10:31,3513,0.28,523
2781,379,98,285009,8.72,06/11/2022,September,2021,20:40,2034,0.54,389
3050,477,136,217488,8.09,24/01/2020,September,2022,15:55,9891,0.06,668
273,304,414,132184,6.61,01/02/2021,March,2020,1:27,2497,0.11,411
8975,693,493,189291,3.23,19/03/2022,May,2020,14:38,6633,0.55,236
7134,954,389,887099,0.36,20/08/2021,April,2021,7:45,9219,0.61,72
355,922,358,149074,5.57,03/12/2022,November,2022,6:13,1203,0.78,141
3435,77,329,969418,1.21,13/02/2022,June,2022,18:15,4679,0.93,42
2792,431,233,477634,6.06,12/05/2022,April,2022,9:33,5484,0.11,512
828,360,40,635730,3.59,06/09/2022,August,2022,9:22,5178,0.71,936
9223,234,266,114948,0.89,28/09/2022,December,2022,11:03,8567,0.01,66
5775,533,35,915976,7.88,29/11/2020,October,2020,4:21,3210,0.77,344
5758,173,237,384194,3.98,10/12/2020,October,2020,23:21,2616,0.19,651
2706,821,125,196000,3.98,23/09/2022,December,2022,7:06,6577,0.96,870
4284,845,102,249480,0.62,27/02/2020,September,2020,13:00,9352,0.63,653
9916,463,133,519432,2.91,07/03/2021,August,2020,4:43,1292,0.93,589
3580,247,450,420226,0.07,31/03/2022,May,2021,18:05,3601,0.22,184
336,330,194,789352,5.53,08/09/2020,October,2020,18:05,4591,0.19,267
8226,776,115,945401,1.8,14/04/2021,December,2022,2:19,1,0.14,961
8873,510,79,963647,9.86,25/07/2020,August,2020,12:12,7372,0.74,389
1238,511,357,350418,6.32,09/04/2021,March,2022,1:22,250,0.65,397
6954,887,500,626510,9.75,04/11/2021,January,2021,8:49,9948,0.77,216
2913,633,138,309997,0.96,25/03/2020,January,2020,16:37,5790,0.02,420
8423,250,175,448525,4.41,13/01/2021,May,2022,22:29,9680,0.23,143
4518,684,458,573501,3.61,13/08/2021,February,2022,21:57,6991,0.89,440
6436,997,434,531873,6.9,12/11/2020,March,2021,21:19,8311,0.81,378
3255,880,295,132678,3.3,22/07/2021,August,2021,4:09,3982,0.39,239
162,980,229,937118,8.96,22/11/2021,October,2021,19:31,6583,0.6,900
8657,163,467,696351,3.93,29/08/2022,September,2021,22:40,4409,0.52,867
5351,2,454,265948,0.29,31/12/2020,April,2022,13:11,2850,0.43,476
3856,626,291,729907,3.87,24/03/2021,June,2021,11:07,5413,0.35,54
1689,80,315,757530,2.03,30/10/2021,February,2020,1:08,5024,0.35,631
7617,846,464,330859,2.27,27/05/2020,November,2022,1:41,39,0.92,628
7594,860,237,450990,6.49,06/06/2022,April,2020,7:52,4545,0.58,780
1499,780,363,402738,9.6,03/09/2022,November,2022,14:01,1956,0.78,261
4789,231,354,511689,2.74,10/04/2021,January,2022,10:01,2713,0.61,889
2728,46,337,378499,9.17,11/04/2021,February,2020,2:22,2439,0.56,414
8606,861,225,984582,4.53,13/11/2022,September,2020,1:19,6654,0.16,425
7138,255,438,471590,0.48,28/04/2021,March,2021,21:48,3708,0.66,860
4712,839,469,680017,2.66,21/06/2021,April,2020,2:04,7660,0.71,530
9879,654,443,271449,6.5,17/03/2020,January,2022,20:41,785,0.38,553
787,328,3,289981,9.2,17/01/2022,April,2020,13:29,3361,0.25,427
7449,647,111,879250,9.39,14/04/2022,March,2020,17:05,6478,0.32,962
2794,125,444,326203,8.89,07/08/2022,March,2020,15:22,1620,0.28,916
9065,80,444,567392,7.45,09/06/2021,October,2022,1:15,4250,1.0,600
1854,212,233,909353,8.28,17/08/2021,January,2020,8:05,6592,0.57,321
162,888,109,555210,4.6,14/03/2021,July,2020,16:39,9804,0.07,756
3442,697,183,199762,4.73,27/09/2021,April,2020,11:30,1587,0.34,222
2353,570,328,124601,5.91,17/04/2021,April,2021,14:31,2260,0.85,192
7220,167,283,479760,5.11,23/09/2020,March,2020,9:38,9509,0.58,692
6736,301,232,907572,5.07,10/09/2022,December,2021,15:11,607,0.81,908
2481,311,469,46395,9.7,16/01/2021,June,2022,13:18,5080,0.27,891
9010,487,165,142627,6.39,27/09/2020,October,2021,16:54,4485,0.21,889
3037,555,293,849902,5.24,19/05/2021,July,2020,11:20,1426,0.97,427
2712,162,354,837379,8.68,03/04/2021,July,2022,16:14,3819,0.49,786
4267,270,296,707425,6.49,03/05/2022,June,2021,2:30,4306,0.41,849
4929,927,117,290752,5.75,24/02/2021,October,2021,0:44,996,0.55,967
162,611,396,629079,0.89,23/03/2020,May,2021,23:34,8407,1.0,795
9911,303,241,675880,5.19,17/01/2021,June,2021,16:47,8584,0.92,261
930,361,203,795255,0.74,11/03/2022,February,2022,1:12,4584,0.4,733
7516,681,48,334080,9.25,26/12/2020,September,2021,7:23,6461,0.26,554
732,283,271,173483,6.11,13/04/2020,July,2020,16:37,1866,0.01,967
6371,961,79,152022,1.72,04/12/2022,May,2022,4:50,8487,0.95,468
9842,291,133,192777,2.92,25/06/2021,November,2020,3:24,9224,0.51,792
7575,572,157,12844,9.42,03/10/2021,February,2021,4:20,4441,0.54,807
133,389,276,312595,0.03,22/06/2022,February,2021,2:45,5894,0.23,364
6574,388,438,818354,2.99,24/08/2022,December,2021,9:42,338,0.9,76
7805,504,434,674825,9.08,07/07/2020,September,2021,14:51,9518,0.6,391
5177,133,486,209049,7.13,12/11/2021,May,2021,4:20,1267,0.0,206
7312,499,339,121935,3.39,09/06/2021,August,2020,20:15,9098,0.33,372
6666,233,198,703345,3.47,02/11/2020,February,2021,18:31,489,0.07,644
6618,347,474,738928,7.88,06/05/2020,March,2021,16:46,5708,0.62,956
8414,915,356,4203,1.09,12/08/2021,October,2021,7:20,6973,0.44,691
4030,840,258,303003,2.49,10/04/2021,June,2020,9:04,759,0.05,272
2367,37,409,235142,4.1,29/09/2021,August,2022,17:03,7400,0.84,479
6659,9,302,769990,7.18,06/07/2020,May,2020,1:25,8307,0.76,988
6675,12,83,625071,7.28,26/02/2022,March,2020,19:47,9519,0.76,740
4573,213,47,716538,3.51,13/10/2022,December,2020,1:14,8497,0.45,828
1838,992,155,824120,4.49,26/07/2020,September,2020,1:53,1135,0.97,937
1256,120,337,732471,6.31,27/05/2020,November,2022,22:01,7360,0.9,303
7987,431,296,407646,3.16,05/03/2022,January,2020,16:25,6770,0.71,537
1727,485,381,905428,9.97,03/12/2020,April,2022,16:46,6100,0.73,615
2505,36,21,865534,7.86,19/02/2021,August,2022,19:53,4042,0.77,380
2839,104,474,257059,6.99,29/10/2020,February,2022,6:33,3569,0.36,400
3476,347,315,75867,8.93,19/06/2021,September,2022,18:05,5279,0.84,571
2149,221,481,242778,8.13,23/10/2021,November,2020,22:14,3700,0.07,976
706,109,367,496420,1.14,03/12/2022,August,2020,15:36,5138,0.3,889
1654,216,430,873061,8.42,26/07/2021,April,2021,15:26,1399,0.28,418
5791,590,414,540912,1.57,12/09/2022,August,2020,3:28,2401,0.41,725
8232,103,127,641011,7.8,18/01/2022,April,2021,1:34,7935,0.71,815
7122,447,178,540955,5.47,10/07/2020,September,2021,4:06,6845,0.57,20
5547,606,445,235246,8.08,01/01/2020,April,2020,6:04,9455,0.0,77
6655,880,37,700295,7.7,15/09/2021,August,2022,20:40,665,0.37,731
2883,262,40,87384,0.82,30/04/2022,November,2022,23:41,1546,0.66,163
5621,121,444,322512,6.78,13/05/2021,February,2022,11:13,1987,0.69,610
1693,245,478,991187,9.82,04/10/2022,November,2020,0:16,3190,0.91,211
6122,209,308,887602,7.01,28/04/2022,March,2020,9:13,6714,0.38,458
6944,629,446,271145,6.9,20/12/2021,February,2021,20:51,3276,0.98,258
114,954,263,349331,9.74,16/12/2022,May,2020,23:09,5436,0.11,516
2006,198,352,711272,0.92,21/02/2022,November,2021,23:40,3607,0.34,705
9434,314,494,828096,0.88,27/06/2022,April,2021,18:06,7759,0.0,504
4649,59,112,454697,5.86,15/01/2021,February,2020,19:44,3756,0.52,332
8192,458,12,690345,9.29,24/02/2022,June,2021,21:36,1861,0.09,720
9381,933,177,438719,9.85,26/12/2020,May,2020,13:11,2815,0.84,928
5331,977,410,260557,8.35,12/07/2021,December,2021,3:43,9294,0.39,641
9331,579,420,122743,2.36,09/12/2020,April,2022,23:33,8620,0.43,633
9985,539,254,251184,0.96,31/07/2020,October,2021,17:14,801,0.29,61
9781,115,240,847697,4.99,19/01/2020,August,2021,7:01,9860,0.79,916
1560,364,409,251144,4.22,10/08/2022,July,2020,14:48,1477,0.19,51
4450,982,406,99455,4.59,27/01/2022,October,2021,0:25,7574,0.93,121
3224,332,194,389183,2.33,18/11/2021,October,2020,9:28,6073,0.83,953
53,363,226,460777,0.82,26/10/2021,February,2020,9:31,3136,0.02,619
4839,296,493,609275,0.5,20/02/2021,June,2022,8:34,2712,0.64,723
3893,453,210,3690,8.94,13/02/2021,January,2021,15:02,4964,0.81,356
1702,765,345,861782,2.26,19/06/2020,July,2020,9:26,8266,0.35,832
7869,316,9,469378,3.71,27/02/2021,December,2020,11:02,9405,0.07,642
6593,765,303,921894,5.78,05/06/2022,October,2021,0:20,4561,0.85,26
3801,731,11,687193,1.61,25/05/2021,April,2020,2:53,9265,0.62,252
9612,972,363,178881,8.53,21/07/2022,March,2021,2:40,624,0.66,565
6425,706,282,299762,4.25,11/11/2021,December,2020,18:34,5280,0.37,488
4456,625,225,364213,0.79,04/01/2020,June,2022,20:32,2765,0.46,156
5104,392,214,944338,3.57,15/06/2022,July,2022,16:51,1881,0.1,722
506,968,139,390867,8.81,18/11/2021,July,2021,22:02,4990,0.11,871
9372,34,396,345714,1.36,03/12/2021,August,2022,18:08,7885,0.14,716
7540,50,314,291633,9.3,07/01/2021,November,2021,3:15,6551,0.26,189
808,912,377,451357,5.66,11/11/2020,August,2021,8:52,7432,0.47,510
2702,80,301,142191,2.86,05/08/2020,September,2020,4:45,8692,0.41,639
6392,368,312,826568,8.64,26/09/2022,February,2020,0:06,578,0.6,741
5165,716,349,274215,1.62,21/06/2021,September,2020,9:11,3405,0.3,913
1533,294,383,684555,4.92,14/03/2022,January,2020,23:42,4726,0.73,84
9502,851,334,794261,5.53,24/08/2021,August,2020,12:19,2726,0.16,841
5247,475,147,161820,5.6,15/10/2020,April,2021,6:12,5513,0.64,930
2568,297,142,738403,1.99,23/09/2022,May,2020,12:47,5988,0.41,813
6389,97,398,799428,1.97,24/11/2020,February,2022,18:46,1732,0.36,855
441,767,335,131974,2.6,22/05/2022,September,2022,2:35,6670,0.87,181
7463,543,386,565401,7.4,16/11/2022,February,2022,4:55,7858,0.74,40
9775,375,391,604774,9.47,05/08/2020,April,2020,13:30,5382,0.27,821
8838,239,469,411461,2.66,29/09/2021,March,2022,12:44,1646,0.2,382
106,153,149,353304,8.45,10/03/2022,June,2020,1:06,4572,0.21,474
1313,644,85,935339,2.18,25/12/2021,March,2020,2:11,1806,0.4,927
2796,48,211,325796,6.48,17/01/2020,May,2021,8:29,4451,0.14,174
2704,370,453,582128,1.96,28/08/2020,February,2020,17:30,7864,0.18,867
5499,648,211,152,6.92,20/10/2020,March,2021,11:37,4689,0.7,209
7094,721,245,567187,2.54,12/06/2022,July,2022,7:12,4895,0.86,597
4856,440,74,906032,4.63,25/12/2021,March,2022,14:00,6981,0.78,220
391,256,304,738605,9.86,09/04/2021,February,2020,19:00,7389,0.88,686
9721,547,268,619016,5.12,23/02/2022,June,2020,4:36,900,0.94,145
83,4,43,195813,3.76,13/07/2020,July,2022,19:46,4586,0.05,387
4046,783,144,366371,3.52,06/12/2022,July,2022,22:14,306,0.35,668
9143,311,434,285107,8.64,04/07/2022,January,2021,9:29,6877,0.85,559
1071,567,41,662044,4.06,03/12/2020,May,2020,11:39,1567,0.98,651
54,949,429,161837,2.17,07/11/2021,January,2022,2:06,575,0.07,105
3302,2,128,937034,4.46,17/11/2020,February,2022,15:54,4230,0.66,554
8215,396,8,308422,1.59,12/11/2022,April,2020,10:37,6984,0.52,489
8993,175,96,116443,3.14,02/12/2020,May,2020,23:57,5209,0.27,396
6658,549,212,418686,2.58,04/06/2020,February,2021,2:33,2188,0.15,857
7024,881,149,512672,9.8,27/06/2022,December,2021,14:12,1718,0.47,455
5606,170,297,983894,6.3,04/05/2020,January,2020,2:11,5809,0.09,505
4329,364,421,158787,8.58,29/12/2022,August,2020,4:45,153,0.76,980
5036,348,131,477396,8.4,08/11/2022,October,2022,5:43,7350,0.71,990
3637,906,187,5664,6.49,28/03/2020,November,2021,3:45,1237,0.24,755
45,303,60,987334,1.27,19/11/2021,April,2021,6:42,849,1.0,766
8788,644,49,529202,9.8,11/01/2020,January,2022,18:48,1277,0.58,907
309,167,376,744228,6.39,12/05/2021,June,2021,0:21,8635,0.72,266
5038,136,38,612577,9.76,05/09/2020,February,2020,21:05,5507,0.85,314
4371,210,391,129560,1.44,08/11/2020,August,2020,8:36,1895,0.88,342
2905,460,58,617867,6.26,09/03/2022,August,2020,5:58,7447,0.72,817
6952,744,32,111035,9.74,03/12/2020,March,2022,11:02,8687,0.41,373
8437,513,133,624896,5.43,22/01/2021,October,2021,18:55,6636,0.87,376
669,98,108,981066,2.25,01/03/2022,January,2020,4:27,5193,0.64,757
3522,268,364,999736,8.12,01/11/2020,April,2022,1:56,954,0.43,229
9945,811,66,809910,5.46,19/07/2021,April,2020,17:06,4019,0.72,149
3333,355,243,37150,3.93,18/07/2020,February,2021,1:27,6965,0.86,417
1274,413,204,716361,3.11,07/06/2022,May,2022,23:14,5457,0.82,674
3334,290,36,544252,0.29,21/05/2020,August,2021,19:21,8935,0.06,647
4466,208,134,651514,7.84,07/12/2021,November,2021,3:53,528,0.94,106
5577,807,476,936143,6.24,25/01/2022,December,2020,7:21,6146,0.75,301
1378,637,326,144151,9.15,31/08/2021,October,2021,9:14,9837,0.69,377
3757,77,164,352882,7.94,13/07/2022,March,2022,2:03,2926,0.07,797
3424,526,82,37570,9.86,29/03/2021,November,2021,22:21,1302,0.57,37
4335,616,475,827343,6.33,11/07/2022,February,2022,0:57,9242,0.45,105
6702,123,380,175326,4.87,17/04/2020,May,2022,8:52,715,0.59,162
143,178,419,123660,2.64,08/04/2022,September,2021,11:56,9026,0.33,926
7674,643,410,827697,8.39,26/12/2020,June,2021,23:56,1816,0.08,769
6630,640,117,591147,8.0,13/09/2020,August,2022,14:28,6630,0.27,537
4619,616,150,416952,4.63,07/02/2021,August,2021,12:49,6930,0.19,115
7011,55,437,144395,9.16,08/10/2022,October,2021,3:52,3855,0.36,461
614,462,71,224752,4.82,18/04/2022,December,2022,0:48,4432,0.74,394
2020,775,407,845798,0.46,24/06/2022,February,2020,2:27,1848,0.47,420
5834,739,213,694180,9.64,24/03/2022,February,2021,11:05,4874,0.72,952
1199,788,262,661333,9.27,28/05/2020,July,2020,20:45,9368,0.48,428
5813,328,488,821988,4.24,23/02/2022,September,2022,8:20,4790,0.64,164
928,412,250,487537,8.56,27/07/2022,May,2022,7:32,7212,0.89,665
9457,269,43,586685,2.61,17/11/2020,September,2022,18:29,35,0.97,149
5029,423,310,422932,9.27,03/03/2022,December,2021,22:53,8715,0.45,787
3719,348,183,844712,4.94,08/11/2022,March,2020,1:00,8065,0.97,13
6750,823,168,448934,9.58,21/01/2021,June,2022,2:29,4375,0.99,883
5079,586,204,742255,4.15,19/12/2022,March,2021,15:52,7234,0.85,538
5514,260,317,124677,6.48,14/05/2022,May,2020,10:16,9077,0.81,835
4462,52,188,302548,4.85,14/05/2021,February,2021,7:52,7663,0.13,412
37,945,167,218751,3.13,18/11/2022,July,2021,5:29,4309,0.17,433
8210,587,394,304767,5.45,17/10/2020,August,2020,5:46,4619,0.64,478
749,50,66,888994,5.85,18/07/2021,August,2021,1:31,6010,0.25,852
3152,413,74,946572,4.87,20/09/2022,June,2021,4:55,2202,0.3,990
1013,149,497,741064,9.28,17/09/2022,July,2020,2:58,9768,0.36,663
5373,926,404,543824,8.95,02/08/2022,January,2022,14:39,6638,0.54,653
8780,63,53,600145,7.41,13/08/2021,May,2020,0:43,1291,0.28,834
624,263,362,797280,5.85,10/04/2022,June,2020,5:14,9806,0.08,422
6016,305,454,368033,9.88,06/10/2020,May,2022,18:33,8232,0.89,114
9144,819,338,769220,8.55,22/10/2022,June,2022,15:36,5159,0.05,389
5806,680,28,800697,9.94,26/10/2020,September,2020,15:51,2455,0.09,790
8970,460,490,815164,4.88,30/10/2021,November,2022,2:41,9729,0.32,441
5575,509,307,406607,7.0,06/04/2022,October,2020,14:19,1143,0.46,395
5774,834,490,438228,5.93,27/04/2022,November,2022,12:40,4898,0.36,736
8980,180,169,726971,2.86,16/09/2020,August,2021,11:58,1308,0.66,55
4288,946,180,478295,2.45,23/11/2020,April,2021,2:45,5421,0.48,876
6142,22,140,938296,3.41,20/03/2022,March,2021,22:58,4331,0.7,766
562,765,284,181319,6.72,03/03/2021,November,2022,0:15,5231,0.15,7
9126,284,463,513279,8.49,14/02/2020,February,2020,9:45,9707,0.22,198
7952,1000,152,339476,2.63,17/04/2022,November,2020,4:19,2109,0.84,694
7779,257,115,737310,4.74,17/06/2021,September,2022,22:31,3050,0.89,772
4609,833,188,197030,8.65,30/01/2021,October,2020,17:41,8430,0.21,487
8122,634,313,311666,3.19,23/01/2022,December,2022,21:00,5526,0.2,630
5738,958,53,915815,9.03,30/10/2022,May,2022,11:31,6581,0.31,295
7858,68,115,504667,7.39,15/06/2020,March,2020,4:30,5061,0.36,663
5930,678,4,354036,0.43,28/12/2021,April,2021,16:47,408,0.37,75
9475,291,447,573930,2.8,20/06/2020,June,2020,6:32,5135,0.41,659
6525,652,351,870851,2.55,18/11/2021,April,2020,8:37,9606,0.62,532
5950,495,118,690003,0.73,27/08/2022,March,2021,9:37,3840,0.66,311
7606,693,488,351782,4.76,05/06/2020,September,2022,4:10,6801,0.25,695
8640,710,378,431800,2.29,30/06/2020,May,2022,19:48,4030,0.52,92
8417,40,313,15679,1.94,25/09/2022,November,2022,3:54,260,0.22,342
7356,769,246,881176,0.77,13/04/2021,November,2020,17:20,8501,0.94,122
231,693,140,348132,9.88,19/12/2020,November,2020,0:22,7417,0.2,94
2210,102,36,229924,8.16,05/04/2020,January,2022,19:26,8563,0.79,640
9610,623,18,563215,2.06,20/02/2021,May,2021,7:52,516,0.94,183
3405,839,168,349656,2.34,19/10/2020,March,2020,0:55,7439,0.09,173
7662,825,142,463289,7.52,04/09/2020,April,2021,9:56,4523,0.74,483
5970,706,490,347958,7.93,12/01/2020,October,2022,11:52,5877,0.3,501
2796,455,476,485800,2.23,14/06/2022,June,2022,12:58,2411,0.36,188
8790,880,187,413326,1.85,22/05/2022,September,2020,17:13,2888,0.87,661
5405,154,144,458057,0.81,02/12/2021,April,2020,4:35,1476,0.48,30
893,670,439,705118,2.14,25/08/2020,November,2022,6:26,4242,0.61,875
6913,784,171,894048,7.39,24/06/2020,October,2021,11:27,2871,0.29,611
5438,437,429,630786,0.9,01/04/2020,July,2020,21:49,5666,0.63,921
7289,270,110,503761,9.95,28/05/2021,October,2021,23:02,3766,0.52,785
6299,802,118,45683,1.95,31/07/2022,March,2022,17:33,4700,0.52,928
9225,450,450,101236,4.87,11/04/2022,September,2021,5:44,829,0.22,682
9202,496,40,838836,1.73,25/04/2022,December,2020,18:20,4758,0.73,806
5229,16,42,321363,0.44,14/09/2021,July,2021,0:05,8282,0.99,785
6144,681,28,155962,4.74,04/05/2022,October,2022,13:50,3296,0.87,563
6511,614,340,920585,0.06,19/05/2020,July,2020,17:50,7606,0.63,608
6372,925,163,870676,7.36,06/04/2020,January,2021,20:36,5503,0.06,19
5370,110,156,610822,4.76,12/06/2020,December,2022,23:45,4386,0.86,926
2428,324,135,614509,8.08,03/02/2021,June,2020,22:16,430,0.2,152
1797,423,332,998684,9.92,13/01/2021,December,2020,23:08,4904,0.88,397
3139,270,428,818115,0.24,28/08/2021,October,2022,1:17,8959,0.56,733
9049,448,443,671494,2.89,06/06/2022,June,2020,23:24,9445,0.68,605
8476,464,475,937693,8.39,21/06/2022,May,2020,18:47,4252,0.21,77
5211,340,495,643221,0.35,17/02/2022,June,2022,11:05,9696,0.44,391
2065,909,111,366352,3.49,27/11/2020,November,2020,5:37,5929,0.4,537
5470,979,285,156951,0.76,09/01/2022,May,2022,2:33,5871,0.08,504
8392,124,477,91154,6.71,11/05/2022,August,2022,12:33,2381,0.51,768
826,258,408,837831,9.8,31/07/2022,April,2021,16:21,7391,0.12,680
101,810,409,356026,5.36,02/10/2020,February,2021,19:18,2072,0.21,550
3151,172,265,390685,0.04,19/06/2020,October,2020,6:16,9773,0.29,259
1593,791,253,494399,5.5,31/07/2022,March,2022,1:40,5654,0.78,128
6835,522,290,382898,3.27,21/01/2021,July,2020,10:20,7816,0.33,148
5278,674,136,101865,8.15,20/05/2020,April,2020,16:18,6703,0.73,549
2522,49,412,111541,4.16,11/07/2020,November,2020,20:47,951,0.04,884
4067,267,377,504987,5.58,31/07/2022,February,2021,12:38,6483,0.73,11
6003,672,130,867033,8.5,26/04/2021,May,2022,23:39,3633,0.57,661
9188,166,498,912597,4.04,20/10/2021,August,2021,20:35,1928,0.92,59
5024,923,336,586763,0.91,29/11/2021,January,2021,18:21,1632,0.67,9
1805,831,449,863640,9.26,16/09/2020,October,2021,23:54,9607,0.26,736
6902,115,208,869976,0.73,28/12/2022,May,2022,1:31,3709,0.78,743
6298,863,166,938161,5.99,12/08/2022,August,2021,3:26,3529,0.9,55
5174,805,289,188931,5.21,29/11/2022,September,2022,10:38,7983,0.64,73
1179,307,263,375900,5.65,02/09/2020,October,2022,21:43,6820,0.07,904
8442,657,152,731496,9.97,20/06/2022,December,2020,20:59,9612,0.03,245
7456,666,409,718463,0.85,14/08/2022,February,2020,0:15,4865,0.96,106
1438,635,96,645709,1.41,14/11/2022,May,2020,13:36,7836,0.2,741
4999,720,315,593821,5.48,17/01/2020,June,2021,8:04,1218,0.97,235
9187,487,301,460972,7.7,01/07/2020,March,2020,15:26,8542,0.49,946
3015,173,332,799793,4.54,24/05/2021,August,2020,4:26,638,0.45,966
6008,653,321,102038,1.35,07/01/2021,April,2020,22:27,155,0.62,81
3423,811,497,695308,8.36,12/03/2022,July,2020,1:32,9170,0.36,356
694,230,411,692974,6.42,12/01/2021,July,2022,10:55,1050,0.61,942
9174,743,89,249193,0.2,01/08/2020,June,2021,11:43,6531,0.5,296
7163,1000,461,546401,0.63,17/02/2020,November,2022,22:03,6531,0.95,941
112,387,336,478976,7.62,13/01/2020,December,2021,6:06,6123,0.32,625
7721,157,265,560794,3.42,13/09/2020,February,2020,2:05,8014,0.06,403
6730,11,429,77726,3.06,03/10/2020,April,2021,2:54,6932,0.9,844
5598,664,139,881698,3.55,22/05/2021,May,2020,0:55,8221,0.8,17
1591,309,238,411073,2.0,08/01/2022,March,2021,10:54,3460,0.88,295
2328,197,225,762367,1.22,22/03/2021,October,2022,3:32,8465,0.87,414
3594,796,70,826945,0.37,01/07/2021,August,2022,5:00,3137,0.89,442
4381,94,304,853173,5.89,13/10/2020,February,2020,12:39,592,0.85,648
9801,400,291,291856,4.0,19/02/2021,January,2020,3:02,1734,0.13,71
3707,51,496,825857,8.01,06/01/2020,October,2021,22:40,985,0.49,48
630,363,204,24919,6.78,18/08/2020,December,2020,18:00,9496,0.81,791
9811,781,18,921800,5.94,25/07/2022,August,2021,21:38,8624,0.5,306
3271,75,455,870082,7.12,08/11/2022,July,2020,7:34,9430,0.34,777
5087,940,295,997017,3.22,05/02/2022,April,2021,9:39,9790,0.3,888
1965,832,462,858935,2.73,10/08/2020,October,2021,9:25,2130,0.25,150
3792,888,340,513203,9.85,30/11/2020,May,2021,22:53,7067,0.7,583
7051,348,366,138925,8.45,03/12/2020,March,2020,7:08,4975,0.47,983
9698,533,350,118974,9.75,09/03/2021,January,2022,15:48,2421,0.34,917
7347,584,412,276423,2.91,29/01/2021,June,2022,14:52,3998,0.94,710
4402,108,36,369579,2.63,08/09/2020,December,2021,22:31,2240,0.63,259
5975,632,499,227097,2.25,10/07/2020,November,2021,19:57,3309,0.86,124
1345,633,373,608503,2.65,06/05/2022,August,2020,4:55,9316,0.23,922
805,725,486,912286,0.64,18/07/2021,August,2022,22:12,5402,0.3,688
1749,5,472,203150,5.25,15/05/2022,June,2022,10:29,1234,0.31,40
549,453,408,431377,2.16,11/01/2021,January,2021,8:02,9803,0.82,231
2919,1,70,96288,8.32,22/08/2021,October,2022,12:48,9932,0.66,720
4131,613,465,769105,9.58,01/04/2021,October,2021,20:06,1921,0.81,334
7860,521,263,601417,9.88,18/05/2021,April,2021,21:31,6273,0.3,69
9285,807,15,565993,7.02,11/06/2020,June,2022,22:58,1812,0.61,445
4723,837,97,644334,8.41,24/07/2021,February,2021,17:05,6249,0.09,412
2005,415,111,622896,0.48,03/10/2021,December,2022,7:20,8267,0.91,948
4176,769,16,43160,8.42,27/07/2020,June,2022,19:21,6275,0.71,868
2069,563,302,931602,9.01,28/07/2021,August,2020,7:42,6798,0.96,177
6268,275,94,132731,4.16,15/06/2020,May,2021,18:48,5951,0.28,494
9569,957,269,401660,2.93,08/03/2022,May,2021,3:29,6050,0.54,3
317,147,369,542655,5.63,05/05/2021,May,2022,11:44,7814,0.83,102
8811,287,389,438322,1.29,23/08/2022,June,2022,12:33,5586,0.73,774
8596,267,17,780538,7.05,02/07/2021,February,2021,19:18,3092,0.93,894
7747,725,114,952465,0.07,14/03/2022,January,2020,9:15,4111,0.75,404
8636,963,25,201554,7.2,17/07/2021,June,2022,3:02,8373,0.34,14
1443,517,217,758238,0.39,14/01/2021,December,2022,19:18,924,0.4,712
7059,346,260,626485,0.95,23/02/2022,September,2020,22:29,4840,0.15,659
2373,543,27,659253,8.3,22/09/2021,June,2021,0:24,189,0.75,232
4638,995,331,564559,5.88,05/12/2021,February,2021,16:51,2704,0.15,720
8372,455,452,844633,6.73,12/03/2021,August,2022,13:37,4458,0.99,151
386,18,294,657167,1.13,20/10/2022,July,2020,18:04,124,0.47,881
7881,275,156,107320,9.78,14/04/2021,July,2020,9:23,3947,0.03,392
2981,842,228,377504,4.88,14/11/2021,August,2021,15:16,5789,0.04,123
857,830,165,50998,0.42,21/09/2022,October,2022,1:09,3871,0.93,117
1693,751,426,880128,3.52,05/09/2021,November,2022,7:04,2007,0.25,167
9464,651,437,879859,9.98,13/01/2021,September,2020,10:11,6085,0.38,868
2444,974,363,489200,5.63,03/10/2021,September,2020,10:44,3095,0.32,624
3405,268,168,819580,9.3,08/05/2022,September,2022,4:04,1887,0.05,520
4458,358,105,558507,1.97,21/11/2021,August,2021,21:51,4051,0.19,176
4303,118,57,810801,9.62,24/10/2021,June,2022,19:25,6631,0.47,684
7800,84,240,265324,1.94,18/08/2022,September,2022,3:37,3672,0.67,129
4416,397,44,855328,4.35,24/11/2022,March,2021,22:56,9718,0.41,560
7281,39,367,575273,6.88,27/02/2020,September,2021,19:33,3038,0.25,438
1826,313,276,897154,3.72,14/07/2020,May,2020,4:43,5631,1.0,617
4072,715,420,420437,2.48,07/08/2021,February,2020,22:04,5165,0.75,57
7865,744,47,668964,2.06,12/02/2021,December,2022,14:06,3952,0.25,231
8768,704,451,424927,4.23,07/04/2022,October,2021,12:52,8418,0.39,397
4447,28,379,734882,8.35,16/10/2020,October,2020,20:35,9182,0.91,167
8578,53,244,559148,7.57,23/02/2020,August,2020,21:50,777,0.13,792
8043,993,493,108176,3.92,19/04/2021,January,2022,15:48,7563,0.37,389
1183,41,116,124959,3.2,25/09/2021,April,2021,11:23,5198,0.93,219
7969,26,126,11112,8.43,16/03/2022,October,2020,14:00,8297,0.83,694
9130,489,383,99313,3.25,20/01/2021,September,2021,14:03,7381,0.05,617
3404,769,247,698316,1.56,09/02/2022,May,2021,10:26,4247,0.96,822
3763,320,9,562856,4.66,07/11/2022,November,2021,18:53,1,0.47,723
9848,404,69,327179,2.6,28/11/2022,April,2020,10:02,1880,0.49,268
4974,280,328,587936,4.59,05/05/2020,September,2021,14:50,1299,0.17,230
2312,876,48,282248,1.3,26/10/2020,October,2021,1:56,5287,0.22,613
5862,122,441,685536,1.67,25/03/2022,August,2021,0:17,9468,0.17,693
8641,592,16,356497,6.51,09/05/2020,September,2020,8:40,8041,0.81,860
5220,168,162,422288,9.95,19/08/2021,October,2021,1:52,2239,0.81,381
7812,621,197,669308,9.18,11/04/2021,January,2020,17:19,9079,0.58,229
9909,278,406,327672,7.6,08/09/2020,April,2022,14:01,9758,0.35,360
8149,98,245,869060,3.93,21/12/2022,February,2020,6:34,4786,0.06,379
3150,965,438,438792,9.86,30/08/2021,December,2022,9:59,3735,0.25,813
6465,659,345,249230,9.96,11/12/2020,March,2020,15:38,9644,0.04,452
7763,351,248,317724,7.69,26/09/2021,September,2022,10:27,7231,0.86,330
9328,655,59,913972,7.4,31/05/2021,September,2020,0:43,9513,0.26,13
9572,313,41,209596,3.43,03/05/2021,May,2021,19:20,1092,0.0,44
2471,847,397,585614,5.47,11/08/2020,June,2020,5:47,1883,0.65,716
840,545,0,176491,0.68,28/09/2022,April,2021,3:58,8355,0.96,547
9696,749,293,163483,5.25,11/12/2020,October,2022,22:56,3391,0.17,559
6736,803,371,933528,9.77,27/12/2021,June,2020,17:40,43,0.56,959
3601,556,110,343996,0.15,15/07/2020,September,2021,8:46,865,1.0,349
3753,219,385,590335,4.69,13/07/2022,May,2020,15:36,1386,0.5,315
1148,452,53,357677,8.37,28/02/2020,September,2022,10:19,521,0.96,215
8608,749,141,59902,3.6,16/08/2021,February,2021,16:22,6050,0.08,520
9846,177,115,151984,2.85,14/06/2022,January,2021,20:57,9825,0.67,871
1100,772,173,799293,7.83,12/04/2021,November,2020,13:04,182,0.44,47
805,203,498,862315,0.45,22/04/2020,May,2020,10:23,6473,0.27,804
1548,989,352,958885,9.61,14/05/2020,May,2022,20:59,8226,0.08,83
4886,544,294,942852,0.33,07/01/2021,June,2020,18:45,3721,0.39,376
1406,204,164,770756,2.47,21/02/2022,January,2020,0:25,8968,0.84,346
5293,610,284,944307,0.55,25/02/2022,January,2020,10:59,9913,0.19,401
3572,351,190,603426,2.3,01/03/2020,September,2021,13:31,5080,0.68,988
9612,528,165,693289,5.08,05/02/2020,December,2020,4:08,6148,0.06,446
8085,370,231,232346,5.93,17/10/2021,September,2020,22:59,4600,0.99,784
4093,16,465,275910,1.27,15/01/2020,April,2022,20:47,7024,0.51,314
9548,690,398,307476,5.2,21/06/2022,September,2021,5:09,3877,0.87,556
606,20,405,496590,0.6,06/06/2021,July,2021,12:51,4260,0.09,525
1863,192,361,511978,5.71,05/02/2021,October,2022,17:38,653,0.75,802
4958,254,454,964501,6.76,07/10/2021,April,2021,0:48,5588,0.83,87
2666,980,200,965242,7.4,28/12/2021,October,2020,23:49,244,0.06,493
5655,263,52,403746,6.58,30/11/2022,January,2022,15:12,5481,0.72,72
5244,621,183,916408,9.45,02/12/2022,March,2020,21:16,2222,0.34,53
5917,850,123,472428,9.64,29/07/2020,September,2022,20:45,4739,0.46,637
4664,811,26,548114,8.99,06/12/2021,November,2022,8:57,541,0.98,576
5764,846,167,925567,6.31,28/10/2020,August,2022,3:43,6243,0.42,688
9355,442,146,2874,4.63,10/10/2022,September,2022,0:00,8714,0.54,988
8648,130,25,980428,7.62,01/10/2022,June,2021,14:05,8662,0.85,101
5778,908,440,661811,3.42,11/10/2021,February,2020,7:18,9762,0.03,653
9823,688,249,985260,8.68,10/09/2021,July,2020,15:29,5509,0.33,8
396,217,13,937389,4.71,29/09/2020,November,2020,10:01,7633,0.32,197
6831,469,334,339185,5.17,31/05/2022,February,2021,10:51,2794,0.72,769
4230,278,350,967939,4.88,15/08/2022,August,2021,7:17,2563,0.61,180
5477,234,339,747830,3.27,15/01/2022,August,2022,15:19,5977,0.2,498
9115,581,72,661762,2.0,13/08/2020,February,2021,8:03,5178,0.38,70
7432,2,329,323246,2.35,21/06/2020,July,2021,6:50,5565,0.36,874
5959,621,291,440089,2.28,27/11/2020,November,2020,15:33,3379,0.52,720
9370,253,288,322669,0.27,20/04/2021,October,2020,3:54,5161,0.17,42
8263,57,62,689817,6.36,07/03/2022,September,2021,1:27,447,0.87,618
4551,477,85,9649,7.96,13/07/2022,August,2020,21:35,7717,0.16,272
7574,675,343,127361,1.73,21/08/2021,April,2020,0:07,9844,0.17,258
9767,668,402,215619,3.79,31/08/2022,September,2021,0:38,3884,0.92,423
1329,144,248,374022,5.78,18/06/2021,July,2022,10:34,4679,0.8,961
5575,136,409,273857,8.54,28/12/2021,February,2020,0:49,6156,0.52,708
5892,162,212,752939,3.51,02/10/2022,February,2020,19:21,1510,0.61,205
4846,882,34,522194,5.1,06/10/2022,September,2022,7:27,3332,0.81,25
4735,683,359,593865,2.67,16/08/2021,August,2022,9:33,2357,0.49,607
4923,138,137,101226,1.18,26/10/2022,March,2022,5:09,7247,0.99,704
1367,863,84,128679,0.82,30/11/2022,April,2021,21:01,129,0.57,209
8466,521,142,128240,0.66,06/10/2022,June,2022,4:30,7450,0.05,435
9906,462,491,943172,7.67,18/04/2021,November,2020,20:15,3382,0.04,532
1682,924,258,205677,1.0,17/10/2022,December,2022,21:30,9213,0.06,983
2469,787,483,485980,6.04,09/11/2020,January,2022,19:43,1462,0.55,399
9880,292,179,141102,8.25,15/12/2021,April,2020,14:01,1844,0.54,396
1656,782,257,251730,4.3,22/07/2021,December,2021,15:11,2289,0.23,470
2495,20,247,315549,2.52,16/11/2021,December,2022,5:20,2863,0.3,198
509,636,395,886441,6.47,10/02/2020,December,2020,0:44,5223,0.73,979
1548,525,99,916,3.5,03/02/2021,April,2022,20:24,6938,0.67,726
3398,592,153,163150,3.9,03/03/2020,January,2020,6:34,3315,0.57,689
9898,762,203,824444,1.22,27/10/2022,October,2021,15:14,906,0.56,228
2762,449,283,83121,2.57,13/03/2021,July,2022,4:23,6955,0.94,117
6844,61,266,618590,6.58,02/07/2022,May,2020,1:17,1295,0.82,170
5819,674,261,325717,5.71,21/12/2022,March,2021,0:54,8551,1.0,817
3314,680,181,423227,6.9,27/07/2020,March,2020,13:14,3326,0.2,998
9401,706,255,184849,0.37,15/09/2022,January,2021,1:56,8527,0.06,439
7038,688,284,522195,0.3,18/11/2022,March,2021,23:43,9985,0.9,411
5843,804,372,485618,1.6,28/06/2021,January,2020,22:42,2769,0.02,390
8251,575,224,992792,5.45,02/12/2022,August,2020,17:34,2174,0.3,43
2871,345,475,851663,0.08,22/04/2021,July,2020,1:34,2350,0.04,382
1407,918,257,797678,0.36,27/02/2021,September,2021,17:53,8539,0.61,854
3177,406,461,398355,5.42,12/01/2022,June,2020,11:31,8335,0.06,860
868,876,317,39750,7.9,29/10/2021,December,2021,13:10,7668,0.45,658
4728,124,80,884240,1.15,29/07/2020,August,2020,6:18,765,0.31,127
9096,55,80,698133,4.51,05/08/2021,February,2020,4:36,7862,0.39,589
2549,669,30,619223,3.59,16/01/2021,October,2021,7:19,4683,0.16,441
7954,636,65,936923,7.58,24/12/2022,October,2021,1:38,3723,0.98,166
943,634,190,372418,8.4,04/12/2020,September,2021,23:25,8,0.69,30
9041,204,318,648360,0.48,29/12/2021,May,2021,20:33,7841,0.83,916
6249,890,245,292060,3.15,21/09/2021,November,2021,7:08,9161,0.56,972
8249,799,256,602309,5.0,11/08/2020,November,2021,9:29,1577,0.06,436
2994,789,279,884568,0.49,29/06/2020,January,2022,22:13,7708,0.2,718
6367,476,436,239385,6.69,21/12/2021,February,2022,21:17,9261,0.05,986
3242,945,220,815680,3.3,01/08/2021,December,2021,0:20,95,0.1,16
4983,337,326,644482,1.78,03/01/2021,January,2021,19:25,1464,0.61,153
6245,647,419,914150,2.23,29/09/2022,July,2022,0:56,340,0.7,556
4377,305,343,325489,9.63,13/10/2022,January,2021,19:34,3437,0.26,841
9702,141,15,764145,10.0,07/10/2022,February,2021,8:26,3518,0.14,782
3777,211,326,94031,1.11,25/02/2021,March,2022,3:59,1890,0.5,893
4346,493,425,987567,5.45,18/10/2022,July,2022,1:05,134,0.57,293
8563,459,386,317600,2.71,01/01/2021,June,2021,12:57,1818,0.45,375
6452,742,370,525894,5.14,25/06/2022,August,2020,23:23,5288,0.38,245
2417,709,382,723030,3.59,28/05/2020,June,2021,6:30,344,0.06,636
7240,168,97,798661,7.36,16/02/2020,June,2021,9:37,5734,0.52,944
6596,194,146,536641,1.83,08/07/2021,April,2022,22:33,3453,0.19,767
6694,618,301,164421,6.13,17/09/2021,December,2020,5:33,2526,0.26,373
1050,857,457,386096,4.07,23/12/2021,January,2022,15:33,9714,0.02,27
2522,216,22,469683,0.57,18/11/2022,December,2020,17:57,2312,0.02,447
2426,103,213,270771,5.23,06/10/2021,January,2020,1:39,717,0.73,262
6725,864,465,285874,4.1,27/08/2022,October,2020,5:38,466,0.67,999
2655,479,237,422093,7.92,20/06/2021,June,2020,0:21,2333,0.19,375
353,355,142,197881,8.86,19/08/2020,August,2022,7:40,8341,0.94,642
1577,893,157,284127,7.01,05/06/2022,November,2020,18:06,4278,0.66,174
4898,525,497,59480,9.01,23/11/2020,October,2022,13:17,7284,0.64,916
563,970,48,175234,8.97,03/01/2021,February,2020,3:50,887,0.12,593
3217,444,293,531259,2.66,11/08/2021,April,2021,16:29,4099,0.3,598
8822,520,205,345212,3.46,04/04/2021,December,2021,3:57,4007,0.23,254
325,231,430,851361,6.77,20/07/2021,June,2021,2:17,2079,0.97,450
5763,280,315,819569,2.75,03/07/2021,July,2021,5:48,5442,0.49,654
6438,265,265,934062,0.21,24/08/2021,May,2021,21:04,8147,0.03,701
2968,650,303,735028,8.77,11/05/2022,May,2020,22:27,609,0.0,983
2776,39,477,552605,4.52,19/06/2020,November,2020,19:29,6690,0.57,574
9959,127,448,752435,0.83,07/11/2020,March,2022,16:20,7672,0.87,132
3846,608,77,887767,0.45,10/01/2020,February,2021,3:53,5979,0.65,137
8607,581,301,222982,4.02,30/07/2021,September,2022,21:20,4133,0.04,76
9016,90,418,158142,2.46,18/06/2020,November,2020,16:01,9600,0.11,330
9558,964,417,724529,9.86,23/03/2020,August,2022,14:51,586,0.06,538
5277,626,380,279518,9.43,08/02/2020,December,2021,20:52,8840,0.62,117
869,419,188,939707,1.95,25/05/2020,March,2022,16:49,4941,0.72,810
9000,108,322,332125,7.42,07/05/2022,March,2020,15:22,1968,0.27,547
8206,559,99,364675,1.31,11/03/2022,December,2020,19:46,540,0.91,968
1500,24,399,668248,2.69,16/10/2021,November,2021,2:49,2434,0.4,980
998,186,30,689912,5.85,30/04/2020,July,2022,7:52,2579,0.25,991
1867,230,127,961914,0.91,12/10/2022,September,2021,19:35,6352,0.7,897
7587,174,77,429938,7.28,28/08/2020,March,2022,13:35,567,0.59,434
2248,263,444,243693,2.09,15/09/2022,May,2022,18:38,1935,0.96,339
6524,760,287,772300,9.59,09/02/2021,July,2020,6:19,366,0.72,71
1728,886,351,882515,6.58,23/03/2022,March,2021,9:33,1283,0.58,8
2766,298,247,690219,2.88,18/11/2021,June,2022,5:45,8900,0.32,2
2398,780,109,787520,5.93,30/07/2021,August,2021,18:40,7137,0.36,635
9038,904,144,960827,8.17,12/06/2021,July,2021,20:31,9047,0.43,710
8672,785,280,987448,1.37,16/01/2022,August,2022,15:35,4137,0.6,409
2758,109,300,685610,8.27,17/12/2020,March,2022,21:38,3846,0.01,800
1193,331,26,866110,9.16,17/08/2020,April,2020,13:31,6222,0.63,806
89,961,402,300552,7.5,03/09/2020,May,2021,2:07,7429,0.36,920
7610,87,233,753691,9.45,30/11/2022,August,2020,15:29,1118,0.07,624
6889,217,454,327830,9.28,16/06/2022,December,2022,10:58,4649,0.52,795
9576,287,467,326439,9.61,16/02/2021,July,2022,13:01,4343,0.14,434
3424,859,333,821349,8.83,17/04/2020,December,2020,1:01,2956,0.26,737
8010,644,273,650984,4.11,06/08/2020,April,2022,9:44,2712,0.64,203
7670,140,433,52930,0.76,07/06/2020,February,2020,18:10,8660,0.03,43
1802,490,400,854955,5.61,20/05/2020,March,2020,21:57,7819,0.4,321
852,425,65,710719,8.02,29/03/2020,June,2022,4:51,6614,0.07,970
1117,75,407,392939,2.46,04/11/2021,July,2020,8:36,7155,0.49,286
1932,445,466,110463,5.84,11/10/2020,December,2022,10:20,8319,0.6,593
7526,592,157,903222,7.17,26/12/2020,August,2021,13:43,2807,0.78,181
2914,803,93,652583,2.88,11/02/2021,November,2022,20:05,1120,0.03,143
2481,618,386,532868,1.53,14/05/2020,January,2020,5:54,2685,0.78,674
4803,186,321,575040,5.74,11/01/2020,February,2021,15:29,8294,1.0,588
1580,433,50,538785,5.17,16/10/2022,January,2022,0:53,4552,0.63,18
295,867,20,495599,3.82,13/02/2021,August,2022,0:43,4394,0.5,980
457,771,374,524926,9.18,02/07/2022,July,2020,19:13,9035,0.31,243
240,975,468,127134,4.96,28/08/2021,June,2021,6:16,9800,0.53,436
3167,683,182,743420,6.68,02/01/2022,July,2022,6:33,7363,0.03,108
9671,843,31,250379,4.73,27/02/2022,February,2021,21:21,9399,0.36,405
6342,729,323,515389,5.36,18/09/2021,November,2022,11:47,6956,0.39,700
9487,815,369,158532,6.51,08/02/2021,June,2020,3:09,795,0.71,749
9312,686,380,755849,3.44,21/01/2020,July,2020,2:40,3112,0.5,901
1584,623,81,149027,9.91,07/08/2022,October,2020,18:36,9593,0.07,565
4633,642,22,844368,2.53,16/09/2022,April,2020,16:41,4234,0.65,13
2160,678,306,257339,2.49,31/12/2020,February,2020,21:15,1201,0.33,488
1275,694,163,615547,6.69,23/12/2022,December,2022,19:39,3363,0.33,387
3987,243,59,102418,6.66,10/11/2020,February,2021,12:04,4978,0.47,466
400,109,423,949294,3.45,06/02/2020,February,2021,16:52,423,0.4,106
540,851,58,662257,1.54,01/05/2021,September,2020,23:05,600,0.51,920
6356,250,135,708773,8.2,31/01/2021,October,2020,21:31,696,0.65,57
1747,932,71,114910,6.55,26/08/2021,March,2022,18:12,2971,0.73,534
5547,385,123,410668,8.28,23/11/2020,November,2022,18:21,5293,0.24,649
9430,453,164,463201,9.64,27/01/2021,January,2021,15:21,3309,0.2,564
8127,717,140,945553,2.45,13/07/2021,October,2021,19:24,4419,0.14,582
1004,843,394,872272,0.1,26/05/2022,December,2021,16:33,6924,0.5,223
9425,450,240,973632,1.44,11/10/2020,March,2020,4:01,4514,0.58,437
3800,841,258,633357,2.69,22/07/2020,October,2022,18:12,1357,0.94,674
7537,154,285,77246,1.55,26/02/2021,February,2020,23:25,1007,0.53,536
5293,793,132,93324,0.15,20/09/2020,September,2021,19:47,1849,0.66,571
4621,653,488,562465,6.85,18/04/2021,July,2021,12:30,1961,0.39,69
7155,275,113,285275,5.37,19/06/2022,December,2021,13:33,2891,0.75,848
3754,241,203,527467,7.35,21/07/2021,July,2022,3:02,7059,0.74,943
9283,809,228,661101,8.9,04/11/2022,November,2022,19:40,9665,0.13,658
8869,837,493,88473,6.71,29/10/2022,July,2021,2:43,4101,0.57,550
1778,905,80,961668,1.27,22/08/2022,November,2022,3:23,1782,0.29,786
4598,137,233,941704,2.46,05/11/2020,June,2022,15:12,3355,0.72,409
4557,715,257,835219,8.32,02/10/2022,November,2021,21:43,3277,0.44,95
7248,800,337,642148,6.35,13/01/2022,July,2020,5:14,7265,0.41,476
9713,762,268,388631,6.64,16/03/2021,August,2020,11:19,47,0.41,657
8909,446,14,530428,5.55,13/09/2021,April,2021,3:33,1552,0.63,824
713,644,460,330155,4.68,06/08/2021,July,2020,0:36,4114,0.99,971
9324,700,334,361186,6.54,30/12/2021,July,2020,2:16,629,0.13,487
4865,463,140,983201,2.07,28/08/2022,May,2020,13:49,4404,0.94,36
5135,537,21,721232,5.07,23/01/2020,July,2020,19:55,3440,0.58,654
8129,550,118,373942,1.05,22/07/2021,November,2020,17:40,9331,0.57,523
2880,97,174,50193,8.87,21/03/2020,November,2022,22:17,487,0.31,522
4329,934,58,151225,5.48,25/06/2020,February,2022,14:49,4455,0.78,529
9748,220,11,128571,8.81,01/04/2022,February,2022,6:52,6217,0.52,304
153,681,147,783672,9.09,28/07/2022,October,2022,6:49,1335,0.89,351
2533,243,307,673484,5.8,27/05/2020,April,2022,13:14,3357,0.77,459
8388,194,359,819017,9.97,08/04/2022,May,2020,16:00,374,0.17,352
5474,492,269,146893,4.2,01/06/2021,November,2021,11:20,6562,0.09,789
5336,520,265,875210,8.74,26/12/2022,April,2021,6:06,4396,0.09,796
380,512,378,621291,4.35,17/06/2022,June,2022,23:07,6139,0.19,945
2125,981,317,973243,4.34,07/01/2021,June,2020,15:20,355,0.08,673
6897,685,181,630143,2.33,11/04/2020,October,2022,15:35,645,0.2,808
9602,904,402,169164,5.56,09/11/2022,October,2020,21:24,4592,0.61,237
8418,166,483,38907,3.28,22/12/2021,September,2020,3:21,9134,0.44,677
8132,639,206,223651,2.79,04/08/2020,August,2021,22:43,239,1.0,106
5952,218,360,655430,1.8,14/02/2022,June,2022,5:58,8760,0.92,537
7255,261,184,356194,0.51,20/06/2022,February,2021,5:08,957,0.56,311
7775,576,110,365131,0.59,16/09/2021,October,2020,14:56,8181,0.51,841
3664,545,377,582923,4.55,16/09/2022,April,2020,23:07,1595,0.18,12
503,770,448,878236,8.42,26/07/2022,December,2021,13:37,4145,0.55,102
794,733,342,700911,5.34,23/11/2021,July,2022,8:07,7619,0.03,444
3190,617,459,106590,2.67,09/01/2020,April,2020,2:04,4829,0.63,268
9384,778,460,255187,5.37,13/06/2021,June,2021,6:43,4794,0.21,121
9817,935,458,600314,8.95,08/12/2021,March,2022,14:59,3501,0.32,184
3908,666,158,127993,4.86,14/06/2021,August,2020,11:08,7417,0.41,762
2535,378,338,964443,3.81,04/10/2021,July,2020,20:08,9620,0.21,262
4218,318,218,974607,2.32,08/01/2021,March,2021,18:53,2648,0.26,685
6050,439,241,689579,1.68,07/10/2021,October,2020,16:52,3305,0.3,804
9283,407,93,166103,4.38,16/05/2022,January,2022,1:20,980,0.09,210
7828,171,329,6325,6.82,26/07/2021,October,2022,23:43,1490,0.65,911
8779,160,422,235779,3.51,20/11/2021,January,2020,19:30,1304,0.08,82
1637,400,347,638632,8.72,15/03/2022,November,2022,6:51,1771,0.79,990
4124,572,3,575954,7.13,14/11/2022,December,2020,15:09,7745,0.85,917
5098,676,370,832545,6.77,26/09/2022,September,2021,20:48,7544,0.62,354
9781,205,231,124060,7.39,29/03/2020,April,2020,20:16,3200,0.07,26
7149,819,72,395637,4.26,16/02/2020,June,2021,11:17,1409,0.15,401
1109,686,314,471163,8.35,01/08/2020,October,2020,20:48,6629,0.78,369
2693,607,390,368106,7.24,24/06/2021,December,2021,2:30,7374,0.86,83
4534,371,287,239339,0.8,14/07/2021,May,2020,16:27,9845,0.23,444
9335,160,334,874434,8.08,20/07/2021,February,2022,0:25,8588,0.5,268
4080,379,309,992255,2.74,12/11/2021,November,2020,3:48,8405,0.34,505
3430,871,298,105894,3.78,26/05/2022,October,2020,16:53,7357,0.21,232
8664,647,216,369312,9.44,21/04/2020,March,2020,10:25,9027,0.09,940
8013,679,64,459808,6.73,19/06/2022,April,2022,5:04,5106,0.57,917
3244,27,56,489758,8.14,10/12/2020,March,2020,17:08,1795,0.25,425
7768,49,89,867526,3.58,06/06/2022,December,2022,5:59,5139,0.6,135
8851,279,383,383183,7.67,07/02/2022,April,2020,4:29,8278,0.02,726
734,10,426,238959,3.78,28/02/2020,July,2022,14:30,6983,0.84,38
2630,669,18,52382,7.26,09/10/2020,December,2021,23:09,1473,0.12,346
8650,461,26,38082,3.35,08/03/2020,December,2022,8:20,5703,0.73,707
4878,308,258,651979,3.02,22/08/2021,December,2021,4:56,2509,0.35,432
9701,347,290,953480,9.76,12/10/2021,January,2021,1:02,3675,0.14,169
2314,433,44,713036,8.87,17/10/2021,December,2022,10:20,7751,0.66,48
4462,18,437,789357,4.0,18/08/2020,March,2022,2:15,9469,0.67,958
4735,133,118,841777,7.65,25/01/2022,July,2020,4:01,8581,0.36,605
4851,697,225,245340,1.25,24/03/2021,February,2022,9:53,2771,0.81,390
1120,644,217,917316,1.53,18/06/2021,March,2022,0:03,6045,0.37,115
3241,250,144,861666,5.82,02/01/2020,July,2021,9:21,1322,0.44,907
9563,635,405,583288,2.93,17/01/2020,September,2022,11:06,9199,0.83,691
0,968,413,167005,6.15,28/12/2021,September,2021,23:40,1305,0.22,241
8506,224,129,237043,8.36,01/07/2020,August,2021,7:29,4419,0.25,583
5035,184,484,565083,9.01,18/01/2021,September,2021,12:51,2720,0.53,27
9294,18,248,525258,0.76,30/01/2022,February,2021,7:28,9311,0.19,845
8071,5,434,616080,7.25,01/10/2022,July,2020,13:27,5556,0.14,810
868,713,220,909341,0.24,24/02/2021,September,2022,17:29,3829,0.39,90
676,711,352,112981,7.2,04/12/2021,October,2021,15:36,1069,0.21,486
6145,480,101,284507,4.63,30/06/2020,January,2020,0:02,2833,0.62,474
1117,893,342,436838,3.24,17/09/2021,September,2022,9:49,2496,0.86,286
1437,271,14,312838,5.84,01/04/2021,May,2022,7:33,3162,0.52,800
8374,802,476,701734,5.94,18/07/2022,November,2021,11:18,4723,0.61,612
8664,100,422,670821,0.8,21/12/2022,July,2021,14:39,6091,0.39,336
8747,526,359,983421,0.98,06/12/2020,March,2021,14:16,6716,0.16,848
9389,556,273,268749,0.4,25/10/2021,March,2022,23:27,1644,0.64,31
8716,70,411,306288,7.22,26/06/2021,February,2022,3:55,4612,0.07,126
6137,607,347,138657,8.25,08/07/2022,September,2022,20:23,3572,0.28,23
2673,668,485,393385,6.23,16/04/2021,January,2020,6:56,2049,0.51,362
4150,603,182,184691,5.52,09/07/2022,April,2022,20:38,3055,0.72,229
9162,575,34,239622,0.37,21/12/2022,March,2020,22:46,6259,0.44,213
7841,517,216,26868,6.06,05/09/2020,March,2020,12:29,7237,0.13,209
9057,353,252,594024,1.17,29/12/2020,November,2020,22:12,596,0.92,996
6069,55,375,131849,3.89,21/08/2022,December,2022,6:59,2758,0.54,882
8207,527,330,330601,3.03,19/10/2022,April,2020,7:43,9779,0.33,625
6955,416,233,680073,4.45,04/12/2022,August,2021,18:19,2400,0.68,492
9672,714,500,220685,3.72,02/09/2022,January,2020,14:11,3325,0.6,774
1924,81,334,920195,6.9,26/02/2021,September,2022,23:38,8823,0.64,51
767,560,491,14533,0.66,30/10/2020,March,2021,6:01,6085,0.16,888
1374,974,238,519720,0.64,29/08/2020,July,2021,3:18,6834,0.09,358
9311,806,229,831428,9.58,26/01/2021,May,2020,11:07,9514,0.54,471
1336,665,140,166404,9.04,16/02/2022,October,2022,9:22,2586,0.28,442
341,349,286,766600,0.76,10/09/2022,October,2020,22:15,421,0.48,306
6423,752,3,781405,6.01,31/01/2022,June,2022,5:00,6691,0.52,609
5703,50,342,517732,8.85,24/01/2021,February,2022,1:28,9842,0.91,87
1705,970,427,280397,4.29,22/11/2022,November,2020,19:16,1796,0.8,208
7985,435,307,674551,2.79,27/03/2022,February,2021,3:47,7763,0.09,739
5087,273,353,631495,8.69,17/08/2021,January,2022,12:19,2817,0.79,88
7135,546,116,876110,8.3,29/08/2021,March,2022,16:24,3836,0.3,373
4801,89,450,400109,1.64,06/08/2020,February,2021,11:52,519,0.95,587
930,841,107,291052,6.41,25/11/2020,November,2020,16:43,4480,0.29,755
6032,368,217,333256,4.24,06/02/2022,February,2022,13:55,4327,0.39,161
4561,819,302,365686,3.02,08/03/2021,February,2022,19:55,3338,0.62,768
3798,775,241,777230,4.79,28/07/2022,October,2021,7:43,4328,0.34,99
9627,204,421,444691,2.95,16/08/2020,June,2020,2:26,3274,0.4,988
7805,436,320,454303,0.06,13/11/2021,October,2022,10:27,1560,0.4,941
2832,78,401,430812,2.21,09/04/2022,May,2021,5:41,3185,0.14,656
7425,186,380,433219,1.36,05/11/2021,December,2020,21:13,6563,0.41,741
7900,625,388,589495,2.39,06/06/2020,January,2021,23:44,7796,0.74,697
7649,971,111,708283,8.68,25/08/2020,March,2020,4:25,1357,0.54,354
4688,645,37,704494,8.1,22/10/2022,August,2021,7:44,1623,0.4,687
1430,697,63,918670,8.44,12/09/2021,January,2021,18:52,2930,0.74,331
2058,639,77,769926,6.11,22/03/2022,October,2021,8:16,4577,0.48,808
9541,968,243,308371,1.45,03/05/2020,November,2022,3:43,6091,0.71,679
1478,683,495,842155,1.77,02/08/2022,December,2022,19:53,9766,0.14,780
3003,612,244,466837,7.35,18/08/2020,September,2020,21:17,6444,0.44,409
7057,824,334,677932,6.9,30/08/2022,February,2021,4:10,9070,0.61,304
9614,370,368,660639,9.81,17/03/2021,November,2020,12:14,2044,0.54,829
5676,662,3,296379,0.8,06/01/2021,June,2021,20:10,1726,0.2,553
6871,833,290,847284,4.57,28/12/2020,January,2022,18:21,7540,0.18,355
905,489,322,979184,9.79,11/05/2022,September,2022,13:59,1002,0.18,789
1060,890,236,947966,5.85,10/03/2022,October,2022,14:43,5539,0.99,832
8105,122,105,13312,2.91,05/09/2022,October,2020,22:59,1077,0.44,578
7598,217,402,61100,1.58,23/03/2021,October,2020,18:36,6458,0.44,721
519,67,187,200539,9.69,27/09/2022,September,2022,0:33,6554,0.52,268
7663,384,201,622212,6.54,15/09/2022,September,2022,1:08,9840,0.57,527
6067,731,41,365766,3.92,15/03/2021,March,2021,1:38,3541,0.88,72
121,298,279,309608,1.95,20/09/2020,May,2021,13:37,6501,0.31,616
5538,486,76,260473,7.62,11/03/2022,March,2021,20:11,9787,0.71,288
588,131,178,667903,4.65,08/09/2022,April,2022,3:47,8601,0.36,916
8113,982,199,875328,7.2,08/08/2021,July,2021,9:01,8725,0.92,359
4429,132,246,629506,9.24,23/03/2021,November,2022,22:25,6299,0.72,89
86,299,1,688817,2.97,31/08/2022,March,2022,21:02,6797,0.68,485
3202,220,317,290593,1.88,31/01/2020,October,2020,15:31,7761,0.62,681
8169,888,468,105715,0.66,06/06/2021,December,2020,22:09,5876,0.81,401
1169,592,223,627980,7.68,04/12/2022,April,2020,12:02,547,0.21,766
6162,543,93,13872,6.23,21/11/2022,August,2020,19:59,6478,0.39,999
9905,484,330,184397,5.74,01/12/2021,April,2020,6:26,1019,0.35,244
4549,529,437,860399,0.27,18/06/2022,October,2020,7:31,9488,0.49,170
6697,797,253,964229,7.13,19/07/2022,December,2021,13:01,8614,0.66,241
7930,127,245,549042,4.24,04/05/2021,September,2022,23:07,1244,0.0,321
8122,391,207,742592,3.18,12/02/2022,October,2022,18:47,6786,0.27,161
186,106,109,73275,0.87,16/08/2021,June,2021,6:45,2896,0.69,689
4735,743,262,931761,7.32,11/06/2022,November,2022,18:21,8160,0.48,210
6691,40,279,820364,5.29,30/04/2020,December,2021,10:18,3307,0.77,629
252,688,334,634434,5.65,23/02/2021,April,2020,10:32,9662,0.93,618
4032,591,429,679960,9.98,17/01/2022,February,2020,17:32,5897,0.53,862
8903,530,76,931305,7.65,14/01/2020,March,2021,18:04,8951,0.63,429
6202,373,283,465122,5.44,15/03/2022,February,2021,11:10,5155,0.3,211
4290,204,124,775475,4.31,19/01/2022,October,2021,7:58,8877,0.17,984
9106,952,407,321970,1.13,28/07/2021,November,2022,14:44,5612,0.11,410
9628,364,290,314117,6.57,01/02/2021,March,2022,1:30,6964,0.21,101
2690,548,130,174112,9.02,28/04/2022,September,2020,4:51,9507,0.0,696
9635,160,200,365088,3.69,17/12/2022,March,2022,5:36,1622,0.37,716
9735,715,225,467253,1.64,16/03/2022,April,2021,2:29,4191,0.13,111
2803,383,290,218105,4.61,28/08/2021,November,2020,17:24,2872,0.69,667
8881,555,130,984742,1.46,28/12/2022,June,2021,12:28,2773,0.38,689
1637,388,390,552852,1.84,03/09/2022,June,2022,18:42,291,0.21,932
6326,773,119,769603,1.25,03/02/2021,April,2021,9:43,6443,0.63,789
6998,88,466,62478,3.54,06/09/2020,September,2022,3:56,2254,0.77,987
134,489,161,572674,9.25,15/07/2022,August,2020,16:35,9242,0.47,117
8685,963,210,87219,8.46,16/01/2020,April,2021,10:25,4060,0.82,232
4173,479,192,455956,9.85,25/11/2022,November,2020,23:49,9233,0.35,762
7257,579,186,934019,1.0,24/12/2020,April,2020,16:43,9056,0.57,35
8791,940,324,668287,6.53,01/03/2020,July,2021,1:58,2961,0.91,824
4630,642,76,110281,2.47,17/07/2022,August,2022,10:01,4039,0.65,674
180,581,473,713361,6.31,14/02/2021,May,2020,22:02,9694,0.02,343
5418,902,348,485512,1.53,23/06/2022,April,2020,2:29,9705,0.43,774
6914,682,5,640443,5.27,09/11/2020,March,2022,9:26,647,0.92,245
2066,59,464,239510,6.51,10/08/2021,October,2020,1:01,7025,0.99,599
5118,284,191,586957,4.74,23/10/2022,July,2022,14:22,4246,0.51,319
9995,75,74,783556,0.47,05/11/2020,September,2022,11:10,1852,0.05,615
2450,399,317,520970,6.54,23/11/2022,January,2021,0:00,308,0.18,397
3802,101,256,532286,7.18,15/10/2020,March,2022,10:03,7930,0.0,54
3563,667,50,128384,9.04,04/08/2022,November,2022,2:47,2835,0.67,135
7197,64,407,751556,2.81,02/04/2021,February,2022,7:51,9462,0.79,268
8152,550,385,108809,2.81,02/07/2021,September,2020,21:51,1363,0.21,830
3605,859,219,742195,6.57,02/08/2020,May,2021,8:22,4614,0.49,20
6092,16,440,362023,5.91,17/05/2022,January,2022,15:04,2242,0.41,702
1928,60,461,822191,1.42,22/02/2021,September,2020,0:06,6112,0.72,92
839,775,296,195314,3.21,16/04/2020,January,2020,13:16,6868,0.48,710
3820,804,133,948177,5.59,11/10/2021,January,2022,5:29,4885,0.62,301
9127,486,363,227332,4.53,07/11/2020,August,2021,18:52,9952,0.86,134
149,65,366,584964,5.19,24/06/2020,November,2022,18:04,9750,0.7,331
3378,617,180,747378,6.5,10/10/2020,March,2021,18:16,5167,0.16,9
7772,744,353,199758,8.84,21/09/2020,March,2020,9:35,8930,0.58,861
5916,271,219,981704,8.25,30/01/2022,February,2020,19:40,3970,0.75,529
9913,792,145,230671,5.55,24/08/2021,August,2021,11:03,5898,0.12,274
9227,755,441,710377,4.16,26/12/2022,June,2021,17:46,3825,0.05,669
9204,36,350,511653,1.31,13/06/2020,July,2021,5:05,6627,0.7,757
4131,389,428,879004,7.42,03/08/2021,April,2022,19:00,1877,0.4,176
3276,694,254,62667,2.76,11/08/2021,November,2020,14:49,2231,0.9,947
648,944,394,551114,2.15,15/02/2021,September,2020,18:52,3197,0.45,89
1068,182,139,34740,7.38,01/03/2022,March,2021,19:33,6051,0.41,316
1512,543,468,509308,0.34,30/04/2021,March,2022,22:17,6450,0.27,146
376,878,326,743111,1.56,18/03/2020,April,2022,21:37,1519,0.49,946
4809,475,165,348474,9.74,07/10/2020,July,2022,20:08,4970,0.19,451
9651,158,277,540463,4.11,04/02/2021,June,2022,10:42,7409,0.36,756
1339,573,356,476400,3.16,20/10/2021,July,2022,15:26,4320,0.2,286
2351,203,169,960616,0.6,20/10/2020,June,2021,7:20,4672,0.84,788
9555,679,133,344534,8.69,25/09/2021,February,2020,10:21,4137,0.11,267
5991,173,351,23061,0.68,29/11/2021,January,2020,4:30,5346,0.25,618
4395,250,307,177315,6.16,10/05/2022,February,2021,6:18,918,0.17,428
5935,682,199,224743,1.99,02/09/2022,July,2020,8:20,3257,0.79,339
6217,39,407,337476,7.92,02/02/2022,December,2020,19:20,79,0.92,550
6273,47,492,947427,4.53,04/02/2020,June,2021,17:40,8494,0.7,263
1937,178,373,117507,1.58,28/03/2020,December,2020,11:35,8538,0.95,18
9342,698,489,984905,1.84,17/09/2022,September,2021,16:02,3024,0.89,843
3844,88,14,584298,7.34,25/05/2021,January,2021,19:01,9820,0.19,500
6866,905,229,286274,6.08,10/05/2020,December,2022,13:23,5017,0.02,358
9667,454,230,266581,7.01,31/12/2021,May,2020,19:53,7559,0.66,523
8423,520,416,730089,9.86,29/12/2022,August,2022,7:01,5313,0.12,251
5289,646,248,34689,9.17,08/10/2020,October,2022,9:04,7905,0.78,76
3025,172,94,372196,8.95,05/07/2020,May,2021,23:30,6352,0.63,176
7685,76,169,579935,7.93,08/10/2022,February,2022,12:49,1015,0.14,238
8949,851,204,641956,0.07,22/05/2021,May,2021,12:08,2824,0.35,423
1016,749,423,408280,7.48,01/09/2022,May,2020,15:05,7265,0.84,275
9433,899,9,443406,7.1,19/06/2022,September,2022,23:48,2179,0.48,439
9052,286,435,384617,7.77,12/06/2022,January,2021,2:22,2768,0.57,211
6595,591,79,708995,5.67,13/04/2020,May,2020,19:42,5044,0.7,298
0,846,383,569624,6.37,28/05/2021,May,2020,21:11,5528,0.51,99
4793,597,376,317278,1.34,22/09/2020,March,2021,12:57,5600,0.58,344
5320,955,395,447876,4.55,05/07/2021,July,2021,3:08,658,0.66,199
1898,476,267,497491,3.16,01/09/2021,January,2020,19:55,3879,0.84,698
1792,291,253,912247,2.54,06/12/2022,May,2021,15:47,8435,0.11,461
4317,964,36,2504,7.27,28/12/2022,August,2021,8:36,8936,0.63,622
1565,544,155,378287,0.96,09/12/2021,August,2022,2:58,1923,0.73,690
9153,174,411,637078,7.43,03/03/2020,October,2020,22:25,4363,0.96,679
9155,9,189,749156,8.74,01/10/2020,December,2022,15:07,3541,0.38,963
6661,42,36,644280,1.46,31/07/2020,June,2022,12:48,150,0.48,513
6312,712,480,401513,1.97,17/06/2020,November,2022,19:36,3627,0.33,367
2497,802,104,589076,3.61,28/05/2022,November,2020,23:37,9442,0.28,564
3868,725,489,452672,0.96,28/05/2020,December,2022,10:59,9039,0.34,542
7574,303,168,231754,3.57,10/06/2022,December,2022,15:20,7290,0.23,198
1510,254,201,562434,3.36,05/08/2022,July,2022,2:25,783,0.72,963
7233,307,270,703292,1.21,18/12/2020,January,2020,11:45,9778,0.2,805
604,640,344,970582,9.53,24/02/2021,June,2021,15:07,2748,0.9,70
204,659,270,148202,8.2,13/11/2020,December,2020,7:24,6575,0.32,557
3036,300,116,123811,0.18,03/05/2022,January,2021,23:37,5813,0.43,35
9187,865,446,401920,2.42,21/08/2021,January,2022,0:55,699,0.72,421
1431,959,441,240084,2.37,26/09/2021,February,2021,5:45,2143,0.34,726
1063,8,12,449439,3.24,21/11/2020,April,2021,19:33,8803,0.15,965
265,950,223,4671,6.67,13/02/2021,January,2022,15:43,8649,0.01,608
5097,638,191,379627,8.43,16/12/2022,May,2022,12:26,5786,0.79,539
8474,733,405,695937,4.09,01/08/2022,April,2021,20:48,4795,0.72,554
126,482,47,745653,6.27,21/09/2020,April,2022,0:37,9352,0.89,780
805,692,45,24566,9.83,07/12/2021,December,2020,7:31,2903,0.89,382
6573,92,471,38346,1.85,30/12/2022,October,2020,5:56,3343,0.64,691
7168,997,258,90147,5.31,28/04/2022,February,2020,3:27,8324,0.35,343
4963,705,341,483940,9.3,21/12/2022,March,2021,18:46,4032,0.22,359
7359,183,243,550982,9.04,02/11/2021,March,2022,15:31,4012,0.41,482
4108,473,46,987688,7.75,31/05/2021,October,2022,17:05,7886,0.27,646
1622,854,499,111337,2.9,24/11/2021,June,2020,23:39,4136,0.43,35
2112,290,7,50521,3.85,04/10/2021,July,2022,9:22,7708,0.78,813
6821,620,186,382003,7.79,30/03/2021,December,2021,1:45,8952,0.79,750
4901,842,488,515339,5.46,09/03/2022,January,2022,19:24,4280,0.72,749
8140,326,83,287914,9.76,26/01/2022,May,2022,16:02,9263,0.02,365
4585,234,402,33639,1.57,22/05/2022,July,2020,22:40,8794,0.18,349
3530,922,474,21362,6.18,23/10/2021,May,2020,18:17,6061,0.1,829
5268,134,40,970994,9.28,17/04/2020,June,2021,18:57,3586,0.21,1000
1931,416,144,721066,6.35,02/02/2020,April,2021,17:49,7011,0.65,629
5245,284,319,967476,0.31,11/04/2020,September,2022,14:57,1466,0.22,650
4859,321,106,720430,2.09,10/06/2021,January,2022,19:55,7515,0.76,622
9359,442,289,465712,7.84,22/09/2021,November,2021,13:27,4681,0.0,567
247,168,273,954464,8.98,07/07/2020,April,2022,6:44,3204,0.64,271
6653,201,497,196200,4.65,02/05/2021,August,2022,2:08,5252,0.61,786
4233,298,240,607362,1.18,22/05/2022,December,2021,4:51,5829,0.31,377
1374,381,156,324334,1.47,21/10/2022,May,2021,16:59,4580,0.97,267
9226,596,343,973345,1.32,19/01/2021,December,2021,8:48,5988,0.39,776
2108,200,74,263412,7.82,17/01/2021,August,2022,22:09,7496,0.68,681
5563,868,328,247571,5.16,28/04/2020,April,2022,16:06,9582,0.71,593
6570,847,13,666157,3.24,09/05/2021,January,2021,1:54,8512,0.54,689
244,810,448,155991,9.9,17/05/2021,April,2021,9:50,9723,0.2,374
4887,82,17,745019,4.79,22/11/2022,October,2020,7:51,1788,0.98,472
1099,87,381,798247,6.8,05/01/2022,February,2022,5:49,7928,0.97,849
7059,466,306,412812,2.91,12/11/2020,June,2021,23:04,7322,0.56,184
4432,766,366,714448,8.81,07/06/2022,January,2021,7:59,9077,0.97,624
3099,256,154,550952,9.8,03/04/2020,February,2021,12:58,6543,0.63,931
7660,580,28,2539,1.54,20/05/2022,March,2021,23:23,7417,0.25,169
7560,553,230,191506,9.69,12/08/2020,February,2020,22:26,6647,0.93,107
1754,381,126,316762,5.28,21/04/2022,August,2021,21:47,1818,0.82,56
103,187,334,791000,9.41,04/01/2021,May,2021,23:40,3049,0.13,471
6610,968,466,823646,7.38,08/01/2022,October,2020,21:22,5500,0.58,583
6648,789,163,711966,1.84,13/06/2021,April,2020,0:48,8858,0.79,187
4570,984,155,735138,8.41,25/02/2020,May,2020,13:58,2341,0.48,916
5443,319,409,923227,9.58,24/05/2021,April,2021,8:06,4563,0.28,572
7926,66,345,760998,7.32,18/05/2022,July,2021,9:29,5459,0.29,879
8241,168,250,977728,5.06,19/09/2022,April,2022,1:34,9877,0.06,297
5177,818,60,964457,5.58,21/04/2020,February,2022,6:25,795,0.79,653
3050,638,385,642745,6.4,15/02/2020,November,2022,6:16,3280,0.35,226
4251,953,375,338611,0.65,09/03/2021,April,2021,21:47,6843,0.75,175
9278,73,448,152203,2.26,13/10/2020,July,2022,2:41,2252,0.85,410
6619,752,383,70803,8.18,28/10/2020,January,2022,14:03,4474,0.84,86
9613,878,489,263090,2.01,17/12/2021,August,2021,23:50,7373,0.35,601
5866,186,442,714202,5.43,06/12/2022,August,2021,1:43,3970,0.6,132
1961,752,172,638826,1.68,12/03/2022,February,2021,9:43,3969,0.23,371
9718,265,430,248219,0.18,26/05/2022,November,2021,19:11,5393,0.82,51
8741,645,400,675511,8.05,16/04/2022,March,2020,21:03,6806,0.24,540
773,27,154,228592,3.74,11/08/2021,June,2022,11:05,3361,0.13,210
3634,45,241,109715,3.16,09/03/2022,November,2022,5:58,3179,0.66,142
8893,715,234,344826,7.92,10/01/2021,May,2022,3:42,8447,0.98,937
1307,491,239,676989,6.71,14/12/2021,December,2022,19:06,5487,0.02,191
6442,805,35,757561,6.91,03/12/2021,July,2021,23:01,8982,0.85,728
7344,317,88,214411,6.02,27/09/2022,November,2022,5:43,6044,0.17,40
9043,380,485,217835,9.85,21/04/2020,June,2021,18:04,2046,0.27,421
2595,901,191,968408,8.58,19/01/2021,May,2020,8:34,9742,0.65,652
4444,334,131,109786,4.0,07/03/2020,October,2020,18:44,9941,0.99,655
3409,715,119,312026,5.85,18/01/2022,February,2020,23:37,1973,0.44,834
1319,1000,220,647764,1.66,19/02/2020,February,2020,17:10,2559,0.12,965
8866,88,216,331309,0.35,10/11/2022,February,2020,17:33,125,0.1,768
7831,482,353,983664,2.88,24/06/2021,January,2021,16:09,9576,0.5,991
2413,118,54,280696,8.37,03/12/2020,November,2020,4:39,9014,0.8,445
5852,506,133,874021,8.74,24/04/2020,April,2022,11:30,9283,0.59,508
6545,432,306,845366,4.98,08/01/2022,June,2020,15:17,4082,0.4,435
8706,145,279,237726,9.6,15/07/2021,January,2022,20:19,57,0.98,698
5627,206,443,730566,1.06,22/05/2021,August,2020,12:26,9387,0.23,991
5219,501,226,664263,9.64,28/04/2021,March,2021,11:13,3134,0.92,360
1212,279,135,720947,8.38,17/09/2020,October,2020,13:13,6897,0.56,301
7177,85,342,624821,7.09,15/10/2020,May,2021,10:00,6220,0.14,388
3258,651,236,294385,2.29,11/07/2021,August,2020,11:43,5105,0.43,566
5298,774,439,11402,4.75,18/08/2022,July,2021,16:31,2559,0.36,805
1193,466,385,431264,3.16,28/12/2021,February,2021,4:16,4151,0.01,273
2160,562,132,783814,0.26,10/09/2022,July,2022,11:17,6917,0.59,294
5616,167,209,732588,8.47,11/12/2021,April,2022,9:03,3887,0.69,53
5534,272,386,793472,6.27,02/06/2022,June,2021,1:59,3138,0.55,587
837,296,480,738136,5.14,02/07/2022,December,2021,14:44,4341,0.96,553
6642,569,43,111657,2.47,08/08/2020,October,2021,5:44,9067,0.46,887
4083,618,233,472224,9.73,27/03/2022,March,2022,11:10,8343,0.86,446
5302,624,401,694314,2.92,14/05/2022,July,2020,15:21,503,0.22,436
7058,712,289,41652,3.32,14/08/2021,March,2022,4:39,2154,0.98,325
4156,236,162,631496,5.65,29/10/2021,March,2020,11:00,6065,0.85,353
4131,192,40,353673,9.5,09/01/2020,April,2021,11:49,740,0.27,334
8229,58,0,373839,5.93,02/07/2020,August,2021,3:33,8424,0.74,118
4089,351,195,962982,7.34,03/11/2022,April,2020,9:57,8817,0.41,162
7012,107,150,61142,4.4,03/08/2022,September,2022,23:30,4251,0.29,14
4026,316,300,864149,9.81,11/11/2022,July,2021,22:27,6164,0.82,910
7507,741,381,153064,4.06,05/06/2021,August,2020,15:06,1466,0.06,419
8481,17,70,409635,2.98,21/12/2020,April,2020,2:58,1431,0.73,103
4223,575,254,900482,3.93,03/07/2021,January,2021,9:25,7004,0.88,200
4744,227,329,200774,1.67,03/07/2020,December,2020,1:50,9947,0.57,604
2206,215,459,24186,4.59,25/03/2020,August,2022,3:19,8860,0.89,107
975,885,271,624698,2.64,19/02/2020,October,2021,3:29,9453,0.44,642
3632,758,492,695512,6.27,30/03/2022,August,2022,8:34,8925,0.94,361
8268,444,168,836175,8.67,07/10/2020,February,2021,23:37,321,0.0,242
3610,523,52,850588,2.55,18/02/2020,August,2022,18:26,140,0.16,327
6807,492,387,890070,1.55,20/06/2022,March,2022,14:42,7836,0.28,391
8844,968,280,568252,0.06,11/02/2022,June,2021,18:24,6809,0.57,480
7102,637,167,156641,0.85,15/07/2020,December,2020,4:05,1032,0.37,756
1902,463,118,645907,2.05,09/05/2021,August,2022,7:57,9354,0.09,922
9319,143,269,658775,8.77,01/04/2021,October,2021,4:27,2507,0.02,979
2414,43,32,708751,3.85,19/10/2020,October,2021,11:35,3113,0.84,89
2772,278,459,336341,8.6,24/02/2020,October,2020,0:05,1988,0.23,148
1202,687,1,640865,6.91,22/07/2021,June,2020,2:11,9290,0.21,634
4353,971,297,612637,3.55,04/11/2022,December,2021,21:01,3391,0.69,815
3169,638,267,733828,0.58,18/05/2022,January,2020,18:42,3003,0.86,578
2148,831,123,856179,4.1,24/02/2020,June,2020,5:36,4856,0.63,224
5145,539,167,14813,5.88,11/02/2020,October,2020,10:42,9170,0.01,324
6273,117,131,292703,8.0,30/09/2020,June,2022,20:10,3321,0.23,237
4895,226,489,460036,8.16,24/05/2020,August,2022,20:37,3678,0.41,462
9877,507,371,783691,2.22,23/08/2020,February,2021,7:57,6835,0.01,188
7095,708,455,189853,0.02,19/07/2022,April,2022,16:20,9594,0.79,272
7071,378,344,255916,1.43,25/02/2021,August,2022,2:10,8584,0.29,195
621,873,70,984497,7.92,03/06/2022,May,2020,2:25,6100,0.83,24
843,870,201,459011,1.7,15/07/2022,August,2021,2:50,8847,0.67,344
1676,55,489,454786,0.94,27/08/2020,October,2021,21:35,3629,0.47,794
4423,252,306,336857,3.93,10/10/2022,April,2021,5:04,2992,0.01,454
533,86,380,202889,3.12,28/12/2020,December,2022,13:42,2666,0.11,302
2469,26,283,731972,1.73,16/02/2022,July,2020,21:00,5902,0.24,488
2932,500,344,645680,6.09,12/04/2020,September,2020,17:13,4061,0.33,838
862,716,305,879006,6.37,11/11/2022,February,2021,15:06,5717,0.35,344
4,550,232,23859,4.89,28/11/2021,August,2020,22:05,6878,0.3,659
3952,172,166,342859,3.98,23/03/2022,December,2021,2:22,2702,0.45,446
4728,368,10,178186,5.7,17/03/2022,September,2020,16:33,3069,0.91,136
427,380,446,577621,1.8,08/07/2020,June,2021,18:20,1381,0.56,527
2598,581,383,556451,0.38,23/06/2022,October,2021,23:48,3923,0.16,195
8372,326,475,282910,1.65,04/08/2020,January,2022,3:08,9579,0.03,622
4060,448,282,668453,9.83,20/12/2022,May,2020,13:54,4391,0.09,188
6239,367,386,854627,7.85,03/04/2021,December,2021,20:58,6450,0.68,596
7961,445,486,492967,3.71,05/03/2022,July,2020,2:52,3256,0.25,758
2292,699,466,416788,3.43,29/12/2020,July,2020,23:22,2624,0.29,146
1059,148,270,901182,1.82,06/11/2022,September,2020,23:10,1724,0.32,242
1131,185,415,430417,9.21,16/09/2022,June,2021,1:38,9752,0.17,540
6766,906,285,215913,4.78,13/07/2022,November,2022,8:25,7222,0.89,630
1442,286,45,863885,7.66,30/06/2022,May,2020,0:56,9261,0.12,416
1385,446,325,59451,4.96,04/12/2021,August,2021,21:42,4748,0.52,325
5142,935,165,435873,2.38,06/08/2021,June,2020,17:09,1727,0.53,134
5196,501,422,807939,0.68,14/08/2020,April,2022,4:19,8352,0.08,203
865,190,232,853417,0.27,27/04/2021,August,2022,5:19,70,0.98,78
127,183,123,704369,8.4,08/03/2021,December,2021,2:06,9823,0.28,94
784,848,9,238396,7.02,11/05/2022,April,2021,20:27,7285,0.23,995
6543,911,326,842196,7.22,11/03/2022,June,2021,20:40,7101,0.22,964
8892,722,3,366535,9.38,21/12/2020,August,2022,18:26,5369,0.09,45
2242,927,324,453041,2.83,25/11/2020,August,2021,16:06,4310,0.9,873
6678,52,84,176096,6.18,28/03/2021,September,2022,10:44,5761,0.05,973
6538,406,83,75274,3.57,26/10/2020,May,2021,0:55,7602,0.57,56
5179,524,411,646842,1.06,01/05/2022,January,2021,3:18,7315,0.86,130
5024,840,25,31028,5.26,26/06/2022,April,2021,2:55,5204,0.25,427
4030,732,237,860675,6.43,02/07/2022,November,2021,23:42,6510,0.28,508
9017,166,99,796261,7.04,17/02/2022,July,2020,0:45,5817,0.96,662
125,490,78,352243,3.85,28/04/2022,June,2022,15:27,8173,0.87,381
4085,870,490,890888,2.08,18/08/2022,June,2022,15:56,6187,0.09,918
703,622,247,516943,9.45,01/06/2022,May,2020,12:05,1957,0.8,825
6195,34,395,972295,3.15,15/05/2022,May,2022,5:55,3189,0.44,551
8882,361,122,310311,1.31,10/10/2021,March,2021,8:01,1499,0.12,968
3760,949,151,476587,5.4,23/07/2020,April,2022,13:31,8950,0.61,945
554,151,390,648706,3.06,28/06/2021,December,2022,21:35,8615,0.03,629
1427,282,464,45241,4.71,24/09/2022,August,2020,20:40,7530,0.86,222
7099,395,271,748812,7.82,26/09/2021,August,2020,21:27,2215,0.19,217
7842,982,261,919519,5.38,07/01/2021,March,2021,10:33,1755,0.57,5
4660,848,299,150007,8.06,22/04/2021,November,2020,0:00,8867,0.65,879
8839,875,50,735605,2.86,12/07/2022,August,2021,5:18,9533,0.99,342
9289,32,36,358435,2.77,20/08/2021,January,2020,2:49,3393,0.33,929
6813,764,351,842890,4.68,21/08/2021,May,2020,19:55,7781,0.36,716
5865,344,138,626724,0.52,20/06/2022,October,2021,19:21,8669,0.52,19
4357,466,53,777034,2.91,10/10/2020,April,2021,11:56,2343,0.99,381
9945,870,16,927619,2.79,27/12/2021,November,2022,19:22,2835,0.97,653
7375,989,218,274231,5.73,21/03/2022,December,2022,23:58,4296,0.08,936
6391,897,402,905422,7.89,14/09/2020,April,2021,16:13,9452,0.51,124
431,364,110,429201,7.65,27/08/2020,January,2022,1:38,7411,0.98,205
4929,881,210,104306,2.09,10/04/2020,October,2021,9:06,6986,0.45,461
5387,96,88,179256,4.88,01/01/2020,November,2020,3:53,2438,0.97,782
5085,908,113,842483,7.96,25/06/2020,November,2020,13:40,2586,0.78,387
